﻿<error errorId="10988b9a-df9f-4a35-993c-3126244e8b2c" application="/LM/W3SVC/1/ROOT/CPM" host="706746-WEB1" type="System.Net.Mail.SmtpFailedRecipientException" message="Mailbox unavailable. The server response was: 5.7.1 Unable to relay" source="CPM" detail="System.Net.Mail.SmtpFailedRecipientException: Mailbox unavailable. The server response was: 5.7.1 Unable to relay&#xD;&#xA;   at CPM.Helper.MailManager.Send(MailMessage message) in d:\s_Company\Projects\AOT\Development\Source\CPMNEW\CPM\Code\Helper\Library\MailManager.cs:line 45&#xD;&#xA;   at CPM.Controllers.CommonController.SendPassword(String Email, LogInModel model) in d:\s_Company\Projects\AOT\Development\Source\CPMNEW\CPM\Controllers\CommonController.cs:line 123&#xD;&#xA;   at CPM.Controllers.CommonController.Login(LogInModel model, String ReturnUrl, Nullable`1 IsForgotPassword, String UserEmail) in d:\s_Company\Projects\AOT\Development\Source\CPMNEW\CPM\Controllers\CommonController.cs:line 65&#xD;&#xA;   at lambda_method(Closure , ControllerBase , Object[] )&#xD;&#xA;   at System.Web.Mvc.ReflectedActionDescriptor.Execute(ControllerContext controllerContext, IDictionary`2 parameters)&#xD;&#xA;   at System.Web.Mvc.ControllerActionInvoker.InvokeActionMethod(ControllerContext controllerContext, ActionDescriptor actionDescriptor, IDictionary`2 parameters)&#xD;&#xA;   at System.Web.Mvc.ControllerActionInvoker.&lt;&gt;c__DisplayClass15.&lt;InvokeActionMethodWithFilters&gt;b__12()&#xD;&#xA;   at System.Web.Mvc.ControllerActionInvoker.InvokeActionMethodFilter(IActionFilter filter, ActionExecutingContext preContext, Func`1 continuation)&#xD;&#xA;   at System.Web.Mvc.ControllerActionInvoker.InvokeActionMethodFilter(IActionFilter filter, ActionExecutingContext preContext, Func`1 continuation)&#xD;&#xA;   at System.Web.Mvc.ControllerActionInvoker.InvokeActionMethodFilter(IActionFilter filter, ActionExecutingContext preContext, Func`1 continuation)&#xD;&#xA;   at System.Web.Mvc.ControllerActionInvoker.InvokeActionMethodWithFilters(ControllerContext controllerContext, IList`1 filters, ActionDescriptor actionDescriptor, IDictionary`2 parameters)&#xD;&#xA;   at System.Web.Mvc.ControllerActionInvoker.InvokeAction(ControllerContext controllerContext, String actionName)&#xD;&#xA;   at System.Web.Mvc.Controller.ExecuteCore()&#xD;&#xA;   at System.Web.Mvc.ControllerBase.Execute(RequestContext requestContext)&#xD;&#xA;   at System.Web.Mvc.MvcHandler.&lt;&gt;c__DisplayClass6.&lt;&gt;c__DisplayClassb.&lt;BeginProcessRequest&gt;b__5()&#xD;&#xA;   at System.Web.Mvc.Async.AsyncResultWrapper.&lt;&gt;c__DisplayClass1.&lt;MakeVoidDelegate&gt;b__0()&#xD;&#xA;   at System.Web.Mvc.MvcHandler.&lt;&gt;c__DisplayClasse.&lt;EndProcessRequest&gt;b__d()&#xD;&#xA;   at System.Web.HttpApplication.CallHandlerExecutionStep.System.Web.HttpApplication.IExecutionStep.Execute()&#xD;&#xA;   at System.Web.HttpApplication.ExecuteStep(IExecutionStep step, Boolean&amp; completedSynchronously)" time="2016-09-05T15:26:19.7610029Z">
  <serverVariables>
    <item name="ALL_HTTP">
      <value string="HTTP_CACHE_CONTROL:max-age=0&#xD;&#xA;HTTP_CONNECTION:keep-alive&#xD;&#xA;HTTP_CONTENT_LENGTH:89&#xD;&#xA;HTTP_CONTENT_TYPE:application/x-www-form-urlencoded&#xD;&#xA;HTTP_ACCEPT:text/html,application/xhtml+xml,application/xml;q=0.9,image/webp,*/*;q=0.8&#xD;&#xA;HTTP_ACCEPT_ENCODING:gzip, deflate&#xD;&#xA;HTTP_ACCEPT_LANGUAGE:en-US,en;q=0.8&#xD;&#xA;HTTP_COOKIE:ASP.NET_SessionId=ovficay3tv3uz4z1gubcuhao&#xD;&#xA;HTTP_HOST:72.3.144.40&#xD;&#xA;HTTP_REFERER:http://72.3.144.40/CPM/Common/Login?ReturnUrl=%2fCPM%2fDashboard&#xD;&#xA;HTTP_USER_AGENT:Mozilla/5.0 (Windows NT 6.1; WOW64) AppleWebKit/537.36 (KHTML, like Gecko) Chrome/52.0.2743.116 Safari/537.36&#xD;&#xA;HTTP_ORIGIN:http://72.3.144.40&#xD;&#xA;HTTP_UPGRADE_INSECURE_REQUESTS:1&#xD;&#xA;" />
    </item>
    <item name="ALL_RAW">
      <value string="Cache-Control: max-age=0&#xD;&#xA;Connection: keep-alive&#xD;&#xA;Content-Length: 89&#xD;&#xA;Content-Type: application/x-www-form-urlencoded&#xD;&#xA;Accept: text/html,application/xhtml+xml,application/xml;q=0.9,image/webp,*/*;q=0.8&#xD;&#xA;Accept-Encoding: gzip, deflate&#xD;&#xA;Accept-Language: en-US,en;q=0.8&#xD;&#xA;Cookie: ASP.NET_SessionId=ovficay3tv3uz4z1gubcuhao&#xD;&#xA;Host: 72.3.144.40&#xD;&#xA;Referer: http://72.3.144.40/CPM/Common/Login?ReturnUrl=%2fCPM%2fDashboard&#xD;&#xA;User-Agent: Mozilla/5.0 (Windows NT 6.1; WOW64) AppleWebKit/537.36 (KHTML, like Gecko) Chrome/52.0.2743.116 Safari/537.36&#xD;&#xA;Origin: http://72.3.144.40&#xD;&#xA;Upgrade-Insecure-Requests: 1&#xD;&#xA;" />
    </item>
    <item name="APPL_MD_PATH">
      <value string="/LM/W3SVC/1/ROOT/CPM" />
    </item>
    <item name="APPL_PHYSICAL_PATH">
      <value string="C:\inetpub\wwwroot\CPM\" />
    </item>
    <item name="AUTH_TYPE">
      <value string="" />
    </item>
    <item name="AUTH_USER">
      <value string="" />
    </item>
    <item name="AUTH_PASSWORD">
      <value string="*****" />
    </item>
    <item name="LOGON_USER">
      <value string="" />
    </item>
    <item name="REMOTE_USER">
      <value string="" />
    </item>
    <item name="CERT_COOKIE">
      <value string="" />
    </item>
    <item name="CERT_FLAGS">
      <value string="" />
    </item>
    <item name="CERT_ISSUER">
      <value string="" />
    </item>
    <item name="CERT_KEYSIZE">
      <value string="" />
    </item>
    <item name="CERT_SECRETKEYSIZE">
      <value string="" />
    </item>
    <item name="CERT_SERIALNUMBER">
      <value string="" />
    </item>
    <item name="CERT_SERVER_ISSUER">
      <value string="" />
    </item>
    <item name="CERT_SERVER_SUBJECT">
      <value string="" />
    </item>
    <item name="CERT_SUBJECT">
      <value string="" />
    </item>
    <item name="CONTENT_LENGTH">
      <value string="89" />
    </item>
    <item name="CONTENT_TYPE">
      <value string="application/x-www-form-urlencoded" />
    </item>
    <item name="GATEWAY_INTERFACE">
      <value string="CGI/1.1" />
    </item>
    <item name="HTTPS">
      <value string="off" />
    </item>
    <item name="HTTPS_KEYSIZE">
      <value string="" />
    </item>
    <item name="HTTPS_SECRETKEYSIZE">
      <value string="" />
    </item>
    <item name="HTTPS_SERVER_ISSUER">
      <value string="" />
    </item>
    <item name="HTTPS_SERVER_SUBJECT">
      <value string="" />
    </item>
    <item name="INSTANCE_ID">
      <value string="1" />
    </item>
    <item name="INSTANCE_META_PATH">
      <value string="/LM/W3SVC/1" />
    </item>
    <item name="LOCAL_ADDR">
      <value string="172.24.16.40" />
    </item>
    <item name="PATH_INFO">
      <value string="/CPM/Common/Login" />
    </item>
    <item name="PATH_TRANSLATED">
      <value string="C:\inetpub\wwwroot\CPM\Common\Login" />
    </item>
    <item name="QUERY_STRING">
      <value string="ReturnUrl=%2fCPM%2fDashboard" />
    </item>
    <item name="REMOTE_ADDR">
      <value string="184.189.234.147" />
    </item>
    <item name="REMOTE_HOST">
      <value string="184.189.234.147" />
    </item>
    <item name="REMOTE_PORT">
      <value string="56624" />
    </item>
    <item name="REQUEST_METHOD">
      <value string="POST" />
    </item>
    <item name="SCRIPT_NAME">
      <value string="/CPM/Common/Login" />
    </item>
    <item name="SERVER_NAME">
      <value string="72.3.144.40" />
    </item>
    <item name="SERVER_PORT">
      <value string="80" />
    </item>
    <item name="SERVER_PORT_SECURE">
      <value string="0" />
    </item>
    <item name="SERVER_PROTOCOL">
      <value string="HTTP/1.1" />
    </item>
    <item name="SERVER_SOFTWARE">
      <value string="Microsoft-IIS/8.5" />
    </item>
    <item name="URL">
      <value string="/CPM/Common/Login" />
    </item>
    <item name="HTTP_CACHE_CONTROL">
      <value string="max-age=0" />
    </item>
    <item name="HTTP_CONNECTION">
      <value string="keep-alive" />
    </item>
    <item name="HTTP_CONTENT_LENGTH">
      <value string="89" />
    </item>
    <item name="HTTP_CONTENT_TYPE">
      <value string="application/x-www-form-urlencoded" />
    </item>
    <item name="HTTP_ACCEPT">
      <value string="text/html,application/xhtml+xml,application/xml;q=0.9,image/webp,*/*;q=0.8" />
    </item>
    <item name="HTTP_ACCEPT_ENCODING">
      <value string="gzip, deflate" />
    </item>
    <item name="HTTP_ACCEPT_LANGUAGE">
      <value string="en-US,en;q=0.8" />
    </item>
    <item name="HTTP_COOKIE">
      <value string="ASP.NET_SessionId=ovficay3tv3uz4z1gubcuhao" />
    </item>
    <item name="HTTP_HOST">
      <value string="72.3.144.40" />
    </item>
    <item name="HTTP_REFERER">
      <value string="http://72.3.144.40/CPM/Common/Login?ReturnUrl=%2fCPM%2fDashboard" />
    </item>
    <item name="HTTP_USER_AGENT">
      <value string="Mozilla/5.0 (Windows NT 6.1; WOW64) AppleWebKit/537.36 (KHTML, like Gecko) Chrome/52.0.2743.116 Safari/537.36" />
    </item>
    <item name="HTTP_ORIGIN">
      <value string="http://72.3.144.40" />
    </item>
    <item name="HTTP_UPGRADE_INSECURE_REQUESTS">
      <value string="1" />
    </item>
  </serverVariables>
  <queryString>
    <item name="ReturnUrl">
      <value string="/CPM/Dashboard" />
    </item>
  </queryString>
  <form>
    <item name="RememberMe">
      <value string="false" />
    </item>
    <item name="IsForgotPassword">
      <value string="true" />
      <value string="false" />
    </item>
    <item name="UserEmail">
      <value string="ph@hughessg.com" />
    </item>
  </form>
  <cookies>
    <item name="ASP.NET_SessionId">
      <value string="ovficay3tv3uz4z1gubcuhao" />
    </item>
  </cookies>
</error>